{
    "variants": {
        "facing=east,half=bottom,shape=straight":  { "model": "block/jungle_stairs_east" },
        "facing=west,half=bottom,shape=straight":  { "model": "block/jungle_stairs_west" },
        "facing=south,half=bottom,shape=straight": { "model": "block/jungle_stairs_south" },
        "facing=north,half=bottom,shape=straight": { "model": "block/jungle_stairs_north" },
        "facing=east,half=bottom,shape=outer_right":  { "model": "block/jungle_stairs_outer" },
        "facing=west,half=bottom,shape=outer_right":  { "model": "block/jungle_stairs_outer", "y": 180, "uvlock": true },
        "facing=south,half=bottom,shape=outer_right": { "model": "block/jungle_stairs_outer", "y": 90, "uvlock": true },
        "facing=north,half=bottom,shape=outer_right": { "model": "block/jungle_stairs_outer", "y": 270, "uvlock": true },
        "facing=east,half=bottom,shape=outer_left":  { "model": "block/jungle_stairs_outer", "y": 270, "uvlock": true },
        "facing=west,half=bottom,shape=outer_left":  { "model": "block/jungle_stairs_outer", "y": 90, "uvlock": true },
        "facing=south,half=bottom,shape=outer_left": { "model": "block/jungle_stairs_outer" },
        "facing=north,half=bottom,shape=outer_left": { "model": "block/jungle_stairs_outer", "y": 180, "uvlock": true },
        "facing=east,half=bottom,shape=inner_right":  { "model": "block/jungle_stairs_inner" },
        "facing=west,half=bottom,shape=inner_right":  { "model": "block/jungle_stairs_inner", "y": 180, "uvlock": true },
        "facing=south,half=bottom,shape=inner_right": { "model": "block/jungle_stairs_inner", "y": 90, "uvlock": true },
        "facing=north,half=bottom,shape=inner_right": { "model": "block/jungle_stairs_inner", "y": 270, "uvlock": true },
        "facing=east,half=bottom,shape=inner_left":  { "model": "block/jungle_stairs_inner", "y": 270, "uvlock": true },
        "facing=west,half=bottom,shape=inner_left":  { "model": "block/jungle_stairs_inner", "y": 90, "uvlock": true },
        "facing=south,half=bottom,shape=inner_left": { "model": "block/jungle_stairs_inner" },
        "facing=north,half=bottom,shape=inner_left": { "model": "block/jungle_stairs_inner", "y": 180, "uvlock": true },
        "facing=east,half=top,shape=straight":  { "model": "block/jungle_stairs_top_east" },
        "facing=west,half=top,shape=straight":  { "model": "block/jungle_stairs_top_west" },
        "facing=south,half=top,shape=straight": { "model": "block/jungle_stairs_top_south" },
        "facing=north,half=top,shape=straight": { "model": "block/jungle_stairs_top_north" },
        "facing=east,half=top,shape=outer_right":  { "model": "block/jungle_stairs_outer", "x": 180, "y": 90, "uvlock": true },
        "facing=west,half=top,shape=outer_right":  { "model": "block/jungle_stairs_outer", "x": 180, "y": 270, "uvlock": true },
        "facing=south,half=top,shape=outer_right": { "model": "block/jungle_stairs_outer", "x": 180, "y": 180, "uvlock": true },
        "facing=north,half=top,shape=outer_right": { "model": "block/jungle_stairs_outer", "x": 180, "uvlock": true },
        "facing=east,half=top,shape=outer_left":  { "model": "block/jungle_stairs_outer", "x": 180, "uvlock": true },
        "facing=west,half=top,shape=outer_left":  { "model": "block/jungle_stairs_outer", "x": 180, "y": 180, "uvlock": true },
        "facing=south,half=top,shape=outer_left": { "model": "block/jungle_stairs_outer", "x": 180, "y": 90, "uvlock": true },
        "facing=north,half=top,shape=outer_left": { "model": "block/jungle_stairs_outer", "x": 180, "y": 270, "uvlock": true },
        "facing=east,half=top,shape=inner_right":  { "model": "block/jungle_stairs_inner", "x": 180, "y": 90, "uvlock": true },
        "facing=west,half=top,shape=inner_right":  { "model": "block/jungle_stairs_inner", "x": 180, "y": 270, "uvlock": true },
        "facing=south,half=top,shape=inner_right": { "model": "block/jungle_stairs_inner", "x": 180, "y": 180, "uvlock": true },
        "facing=north,half=top,shape=inner_right": { "model": "block/jungle_stairs_inner", "x": 180, "uvlock": true },
        "facing=east,half=top,shape=inner_left":  { "model": "block/jungle_stairs_inner", "x": 180, "uvlock": true },
        "facing=west,half=top,shape=inner_left":  { "model": "block/jungle_stairs_inner", "x": 180, "y": 180, "uvlock": true },
        "facing=south,half=top,shape=inner_left": { "model": "block/jungle_stairs_inner", "x": 180, "y": 90, "uvlock": true },
        "facing=north,half=top,shape=inner_left": { "model": "block/jungle_stairs_inner", "x": 180, "y": 270, "uvlock": true }
    }
}
