{
    "multipart": [
        {   "apply": { "model": "block/nether_brick_fence_post" }},
        {   "when": { "north": true },
            "apply": { "model": "block/nether_brick_fence_side_north" }
        },
        {   "when": { "east": true },
            "apply": { "model": "block/nether_brick_fence_side_east" }
        },
        {   "when": { "south": true },
            "apply": { "model": "block/nether_brick_fence_side_south" }
        },
        {   "when": { "west": true },
            "apply": { "model": "block/nether_brick_fence_side_west" }
        }
    ]
}
