{
    "multipart": [
        {   "apply": { "model": "block/oak_fence_post" }},
        {   "when": { "north": "true" },
			"apply": { "model": "block/oak_fence_side_north" }
        },
        {   "when": { "east": "true" },
            "apply": { "model": "block/oak_fence_side_east" }
        },
        {   "when": { "south": "true" },
            "apply": { "model": "block/oak_fence_side_south" }
        },
        {   "when": { "west": "true" },
            "apply": { "model": "block/oak_fence_side_west" }
        }
    ]
}
